,codibge,MUNICIPIO,NR_SEAB,VALOR,VALORdivAREA
0,4128807,XAMBRE,UMUARAMA,145450318.12,4571935517.86523
1,4106852,CRUZMALTINA,IVAIPORA,189105395.22,6959201187.192347
2,4125407,SAO JOSE DA BOA VISTA,JACAREZINHO,277640409.32,7841770456.997298
3,4124004,SANTANA DO ITARARE,JACAREZINHO,164471273.43,7374714774.098415
4,4126207,SAPOPEMA,CORNELIO PROCOPIO,104438746.45,1737449245.0320098
5,4105508,CIANORTE,CIANORTE,880154450.81,12259805247.194172
6,4107520,ESPERANCA NOVA,UMUARAMA,144526701.16,11403152695.600365
7,4123824,SANTA LUCIA,CASCAVEL,172502700.62,14929948100.48554
8,4103305,BORRAZOPOLIS,IVAIPORA,217073605.99,7230271306.617297
9,4107009,CURIUVA,JACAREZINHO,147344653.32,2887814750.5513744
10,4107751,FIGUEIRA,JACAREZINHO,44490871.63,3869701714.556952
11,4127502,TIBAGI,PONTA GROSSA,1263585048.27,4765103183.504243
12,4120358,PRANCHITA,FRANCISCO BELTRAO,228424477.68,11222055886.886044
13,4119004,PEROLA DO OESTE,FRANCISCO BELTRAO,214632793.19,11688583164.013096
14,4127882,TUNAS DO PARANA,CURITIBA,73443587.85,1221272425.8851924
15,4100202,ADRIANOPOLIS,CURITIBA,118667019.19,990174848.8173082
16,4102901,BITURUNA,UNIAO DA VITORIA,323409793.78000003,2893788501.6946707
17,4105409,CHOPINZINHO,PATO BRANCO,764713301.59,8861652583.992437
18,4113205,LAPA,CURITIBA,843048223.47,4464595400.676652
19,4124806,SAO JOAO,PATO BRANCO,473135223.98,13645939270.317331
20,4111209,ITAPEJARA DO OESTE,PATO BRANCO,434095163.74,18969359299.408447
21,4101804,ARAUCARIA,CURITIBA,412575535.46,9767760335.620775
22,4101705,ARARUNA,CAMPO MOURAO,362821715.7,8279647147.77146
23,4127908,TUNEIRAS DO OESTE,CIANORTE,293405317.88,4722854913.991201
24,4119806,PLANALTO,FRANCISCO BELTRAO,323059832.5,10353644416.421225
25,4108452,FOZ DO JORDAO,GUARAPUAVA,139370870.65,6715715555.7675495
26,4125605,SAO MATEUS DO SUL,UNIAO DA VITORIA,553501086.1999999,4578039101.566982
27,4123006,SALTO DO LONTRA,DOIS VIZINHOS,519243697.0,18467595976.33671
28,4123808,SANTA IZABEL DO OESTE,FRANCISCO BELTRAO,496675352.84000003,17124715509.31251
29,4115705,MATINHOS,PARANAGUA,10237423.72,977074093.7596993
30,4118204,PARANAGUA,PARANAGUA,22824321.55,314025699.1585863
31,4113908,MALLET,IRATI,229212061.81,3384106101.7432065
32,4122008,RIO AZUL,IRATI,368255026.37,6814314063.932674
33,4106803,CRUZ MACHADO,UNIAO DA VITORIA,453059553.34,3404489509.750464
34,4110201,INACIO MARTINS,IRATI,263234261.82999998,3120063937.4346447
35,4126272,SAUDADES DO IGUACU,PATO BRANCO,187073864.13,13922708540.8065
36,4106902,CURITIBA,CURITIBA,14792868.02,378930765.2551932
37,4104204,CAMPO LARGO,CURITIBA,280284732.12,2519278737.3964534
38,4120606,PRUDENTOPOLIS,GUARAPUAVA,798819377.56,3952449137.4576406
39,4120804,QUATRO BARRAS,CURITIBA,11530420.08,711569646.0647417
40,4105805,COLOMBO,CURITIBA,255080763.06,14416241798.661772
41,4113452,LINDOESTE,CASCAVEL,245691278.0,7920525042.336537
42,4107736,FERNANDES PINHEIRO,IRATI,261337921.86999997,7194854219.731275
43,4110102,IMBITUVA,IRATI,485659966.36,7127880697.52556
44,4104808,CASCAVEL,CASCAVEL,2278344931.21,12205071134.668491
45,4128658,VIRMOND,LARANJEIRAS DO SUL,134137654.4,6008636114.144431
46,4104451,CANTAGALO,GUARAPUAVA,248352922.24,4751580849.501243
47,4107546,ESPIGAO ALTO DO IGUACU,LARANJEIRAS DO SUL,197419677.01999998,6751199623.454245
48,4117057,NOVA LARANJEIRAS,LARANJEIRAS DO SUL,333303798.57,3077672852.4218736
49,4108304,FOZ DO IGUACU,CASCAVEL,159838612.22,2927022150.7953663
50,4119905,PONTA GROSSA,PONTA GROSSA,822371957.4399999,4496974178.134133
51,4108650,GOIOXIM,GUARAPUAVA,287321283.6,4566856166.992931
52,4115457,MARQUINHO,LARANJEIRAS DO SUL,138502883.28,3073971669.573042
53,4124020,SANTA TEREZA DO OESTE,CASCAVEL,320641226.66999996,10963633303.566973
54,4104055,CAMPO BONITO,CASCAVEL,316761136.55,8282762888.596459
55,4109302,GUARANIACU,LARANJEIRAS DO SUL,584359889.94,5279731157.071018
56,4111407,IVAI,PONTA GROSSA,283895917.45,5277094345.945394
57,4106704,CRUZEIRO DO SUL,PARANAVAI,181735964.24,7968326555.928322
58,4118105,PARANACITY,PARANAVAI,114410848.52,3738953679.3278065
59,4123402,SANTA FE,MARINGA,282192033.27,11591052968.806343
60,4113601,LOBATO,MARINGA,144155120.28,6804073106.610476
61,4108957,GUAMIRANGA,IRATI,180788992.51,8289594667.998068
62,4121257,RAMILANDIA,CASCAVEL,135487276.89,6306284677.793751
63,4118303,PARANAPOEMA,PARANAVAI,49496370.25,3160237183.6515737
64,4109757,IBEMA,CASCAVEL,111130996.63,8260517990.617797
65,4115903,MIRADOR,PARANAVAI,146525421.74,7475874227.966449
66,4100905,AMAPORA,PARANAVAI,151402597.98,4472125698.189759
67,4102505,BARBOSA FERRAZ,CAMPO MOURAO,210244324.62,4428730778.900227
68,4107702,FENIX,CAMPO MOURAO,163842870.54,7902156297.158572
69,4122651,ROSARIO DO IVAI,IVAIPORA,119784501.50999999,3564125362.876214
70,4108908,GUAIRACA,PARANAVAI,230132580.9,5273205028.52413
71,4125803,SAO PEDRO DO IVAI,IVAIPORA,165516139.5,5783442974.7293415
72,4103206,BOM SUCESSO,APUCARANA,194906906.31,6847082294.065492
73,4123857,SANTA MARIA DO OESTE,PITANGA,209837650.59,2823725372.489417
74,4103040,BOA VENTURA DE SAO ROQUE,PITANGA,258058151.95,4648990081.127281
75,4103958,CAMPINA DO SIMAO,GUARAPUAVA,161162469.76,3998407975.730034
76,4117800,PALMITAL,PITANGA,271597307.93,3718260335.185668
77,4107124,DIAMANTE DO SUL,LARANJEIRAS DO SUL,92156594.61,2968641983.5407867
78,4104907,CASTRO,PONTA GROSSA,2265447537.96,10044246271.179071
79,4128559,VERA CRUZ DO OESTE,CASCAVEL,409193183.77,13826196977.72307
80,4125753,SAO PEDRO DO IGUACU,TOLEDO,339081550.61,12277786121.099949
81,4126306,SENGES,PONTA GROSSA,269739180.32,2106314216.4594607
82,4117453,OURO VERDE DO OESTE,TOLEDO,464938975.01,17706217709.251644
83,4110508,IPIRANGA,PONTA GROSSA,495832701.44,5987296784.982349
84,4127957,TUPASSI,TOLEDO,533506763.04,19953907693.213493
85,4103909,CAMPINA DA LAGOA,CAMPO MOURAO,485570256.58,6815643532.833862
86,4104659,CARAMBEI,PONTA GROSSA,1170973911.89,20201185837.985477
87,4127965,TURVO,GUARAPUAVA,273905626.28999996,3276179933.641085
88,4104402,CANDIDO DE ABREU,PITANGA,335947242.07,2497830561.8294344
89,4113254,LARANJAL,PITANGA,141000309.64,2824683704.7861156
90,4116802,NOVA CANTU,CAMPO MOURAO,303766555.99,6155538336.299213
91,4114609,MARECHAL CANDIDO RONDON,TOLEDO,1475308242.78,22140570229.681778
92,4119608,PITANGA,PITANGA,637583301.7700001,4293191467.5944676
93,4121604,RENASCENCA,FRANCISCO BELTRAO,350182276.36,9103734982.199272
94,4105201,CERRO AZUL,CURITIBA,441993712.98,3663889288.377184
95,4115739,MATO RICO,PITANGA,135217548.26999998,3823864456.63898
96,4122503,RONCADOR,CAMPO MOURAO,485770540.09000003,7351040181.523709
97,4106308,CORBELIA,CASCAVEL,760005341.35,16118161579.39099
98,4110052,IGUATU,CASCAVEL,109769085.02,11469112452.459225
99,4101051,ANAHY,CASCAVEL,146699034.04,15647679505.282404
100,4128005,UBIRATA,CAMPO MOURAO,897979091.47,15432803413.259691
101,4112959,JURANDA,CAMPO MOURAO,281373134.37,8923569543.371212
102,4117222,NOVA SANTA ROSA,TOLEDO,701825930.41,38482747918.36622
103,4120853,QUATRO PONTES,TOLEDO,395942825.32,38403866414.05624
104,4127700,TOLEDO,TOLEDO,3489930992.3599997,32748090707.211254
105,4114500,MANOEL RIBAS,PITANGA,388477156.06,7629408015.918113
106,4101853,ARIRANHA DO IVAI,IVAIPORA,169423576.44,7915167959.176684
107,4117271,NOVA TEBAS,PITANGA,187307555.47,3856047764.5332465
108,4110805,IRETAMA,CAMPO MOURAO,219967961.37,4329761679.381833
109,4115358,MARIPA,TOLEDO,615532826.07,24377988819.710842
110,4120655,QUARTO CENTENARIO,CAMPO MOURAO,360444231.57,12568221717.33577
111,4121356,RANCHO ALEGRE DO OESTE,CAMPO MOURAO,229762179.91,10768320235.526052
112,4110078,IMBAU,PONTA GROSSA,44236658.49,1498099697.829198
113,4102000,ASSIS CHATEAUBRIAND,TOLEDO,1349252110.67,15496138869.91454
114,4111506,IVAIPORA,IVAIPORA,263342984.86,6872414482.26954
115,4119400,PIRAI DO SUL,PONTA GROSSA,1026227591.36,8574194053.057183
116,4112009,JAGUARIAIVA,PONTA GROSSA,505237001.33,3924190924.393788
117,4108601,GOIOERE,CAMPO MOURAO,574789497.86,11458030082.947985
118,4103008,BOA ESPERANCA,CAMPO MOURAO,224277935.88000003,8368338173.182694
119,4115101,MARILUZ,UMUARAMA,205777293.63,5394070917.604668
120,4106555,CORUMBATAI DO SUL,CAMPO MOURAO,84446498.6,5663148203.490895
121,4116109,MOREIRA SALES,CAMPO MOURAO,233310027.7,7430062132.832656
122,4127106,TELEMACO BORBA,PONTA GROSSA,266986729.71,2172111025.362625
123,4128534,VENTANIA,PONTA GROSSA,255803673.28,3519725993.449674
124,4113759,LUNARDELLI,IVAIPORA,114536502.19,6548056446.517866
125,4125001,SAO JOAO DO IVAI,IVAIPORA,246636504.78,7884555029.979971
126,4116307,MUNHOZ DE MELO,MARINGA,273508895.82,22624605670.051186
127,4113106,KALORE,APUCARANA,114771263.03,6705997446.540256
128,4115507,MARUMBI,APUCARANA,87806173.55,4751062893.856453
129,4127809,TOMAZINA,JACAREZINHO,321590915.76,6125456931.28522
130,4119202,PINHALAO,JACAREZINHO,187193443.21,9584953933.713776
131,4112306,JAPIRA,JACAREZINHO,270419545.06,16287963321.49623
132,4111100,ITAMBE,MARINGA,202853814.82,9385226758.844757
133,4122107,RIO BOM,APUCARANA,123884403.28,7876768394.539302
134,4117297,NOVO ITACOLOMI,APUCARANA,190039098.65,13319125519.401924
135,4111704,JABOTI,JACAREZINHO,140288393.01,11401568489.496437
136,4122909,SALTO DO ITARARE,JACAREZINHO,98929187.32,5596257959.013639
137,4104709,CARLOPOLIS,JACAREZINHO,336854393.14,8393296922.191326
138,4111605,IVATUBA,MARINGA,94344934.47,11233924288.096937
139,4107306,DOUTOR CAMARGO,MARINGA,130853901.26,12543203244.263172
140,4107900,FLORESTA,MARINGA,134782752.54999998,9424910777.774326
141,4124301,SANTO ANTONIO DO PARAISO,CORNELIO PROCOPIO,96636409.43,6688611624.283005
142,4126801,TAPEJARA,CIANORTE,206861748.95,3912506404.4870777
143,4117206,NOVA OLIMPIA,UMUARAMA,186689304.19,15666824623.776033
144,4126108,SAO TOME,CIANORTE,197690678.07000002,10251010061.214819
145,4112405,JAPURA,CIANORTE,185655164.74,12702954931.577106
146,4122701,SABAUDIA,APUCARANA,237734001.35,14057345910.143595
147,4117503,PAICANDU,MARINGA,130900390.24,8625487812.24859
148,4117404,OURIZONA,MARINGA,150883775.28,9732735355.229755
149,4105607,CIDADE GAUCHA,CIANORTE,183115158.56,5141227210.097893
150,4101507,ARAPONGAS,APUCARANA,459234990.57,13585529754.716589
151,4122404,ROLANDIA,LONDRINA,649947941.84,16215594932.887032
152,4114203,MANDAGUARI,MARINGA,396676619.71999997,13378460984.9734
153,4121000,QUERENCIA DO NORTE,PARANAVAI,317443118.06,3575515400.330011
154,4101903,ASSAI,CORNELIO PROCOPIO,252686173.08,6474566524.456543
155,4126900,TAPIRA,UMUARAMA,196498748.81,5104765234.8450365
156,4116505,NOVA ALIANCA DO IVAI,PARANAVAI,63684333.8,5480460406.945658
157,4123105,SANTA AMELIA,CORNELIO PROCOPIO,58483295.03,8457027840.373741
158,4123303,SANTA CRUZ DE MONTE CASTELO,PARANAVAI,232843694.39,5964935217.572517
159,4119657,PITANGUEIRAS,LONDRINA,136658931.28,12541183478.09576
160,4112801,JOAQUIM TAVORA,JACAREZINHO,294915699.69,11542669794.708038
161,4121802,RIBEIRAO CLARO,JACAREZINHO,284669573.55,5151266979.710021
162,4120408,PRESIDENTE CASTELO BRANCO,MARINGA,181077112.51999998,13270000190.369133
163,4102208,ATALAIA,MARINGA,120566960.64,9964627557.396374
164,4114104,MANDAGUACU,MARINGA,340022922.83,13106193768.797367
165,4108106,FLORIDA,MARINGA,62154714.839999996,8412794031.729061
166,4126504,SERTANOPOLIS,LONDRINA,394138138.02,8859035637.866274
167,4103701,CAMBE,LONDRINA,419605398.02,9558793991.802988
168,4111902,JAGUAPITA,LONDRINA,448503325.89000005,10658253956.671
169,4112702,JATAIZINHO,CORNELIO PROCOPIO,139926942.12,9944781903.608984
170,4128401,URAI,CORNELIO PROCOPIO,147673374.73,7045449082.622174
171,4124103,SANTO ANTONIO DA PLATINA,JACAREZINHO,453292746.82,7117854685.586611
172,4111803,JACAREZINHO,JACAREZINHO,483594724.02,9106727033.178513
173,4102703,BARRA DO JACARE,JACAREZINHO,170740166.07,16779199190.894295
174,4118402,PARANAVAI,PARANAVAI,562580280.63,5338122890.18658
175,4101150,ANGULO,MARINGA,176154534.29,18905700566.8623
176,4125902,SAO PEDRO DO PARANA,PARANAVAI,97201994.68,4335921502.582204
177,4124202,SANTO ANTONIO DO CAIUA,PARANAVAI,62460752.269999996,3198290709.946854
178,4115002,MARILENA,PARANAVAI,161039553.02,7896683020.559131
179,4117107,NOVA LONDRINA,PARANAVAI,138185242.92000002,5807609884.708816
180,4107108,DIAMANTE DO NORTE,PARANAVAI,104955713.49,4931345024.041678
181,4111308,ITAUNA DO SUL,PARANAVAI,65023050.07,5815957431.80866
182,4128104,UMUARAMA,UMUARAMA,563175422.89,5154690347.358149
183,4118857,PEROBAL,UMUARAMA,194328082.15,5372833746.801382
184,4122602,RONDON,CIANORTE,202553233.29000002,4155499830.5732903
185,4103370,BRASILANDIA DO SUL,UMUARAMA,175701764.29,6785637304.25625
186,4123501,SANTA HELENA,TOLEDO,1353602228.46,19968667802.644535
187,4128609,VERE,FRANCISCO BELTRAO,466272177.34999996,16524918907.4044
188,4103354,BRAGANEY,CASCAVEL,247054018.32000002,8080919001.02055
189,4125456,SAO JOSE DAS PALMEIRAS,TOLEDO,146592456.55,8984293949.493513
190,4124053,SANTA TEREZINHA DE ITAIPU,CASCAVEL,224659745.16,9362261537.595087
191,4105003,CATANDUVAS,CASCAVEL,447385842.62,8502801713.007853
192,4100459,ALTAMIRA DO PARANA,CAMPO MOURAO,120114420.14,3462567719.5483737
193,4114351,MANFRINOPOLIS,FRANCISCO BELTRAO,143581585.3,7404623837.29996
194,4115408,MARMELEIRO,FRANCISCO BELTRAO,419111108.59000003,11955084454.486507
195,4128203,UNIAO DA VITORIA,UNIAO DA VITORIA,160956772.61,2486887166.8795214
196,4108502,GENERAL CARNEIRO,UNIAO DA VITORIA,392002518.67,4039042893.4907017
197,4127007,TEIXEIRA SOARES,IRATI,611374205.78,7562333040.825237
198,4101200,ANTONINA,PARANAGUA,31994427.19,402018234.8809691
199,4119954,PONTAL DO PARANA,PARANAGUA,11661882.030000001,642357672.0585392
200,4117602,PALMAS,PATO BRANCO,367549806.13,2595119970.0762854
201,4120507,PRIMEIRO DE MAIO,LONDRINA,318448267.83,8811452046.33352
202,4100806,ALVORADA DO SUL,LONDRINA,248614444.76000002,6612938015.799017
203,4126256,SARANDI,MARINGA,96726235.83,10542285862.817598
204,4121406,REALEZA,FRANCISCO BELTRAO,380838557.17,11914417407.059574
205,4109609,GUARATUBA,PARANAGUA,149486541.37,1251378579.5708377
206,4120309,PORTO VITORIA,UNIAO DA VITORIA,98450682.74,5179058117.689817
207,4110003,IGUARACU,MARINGA,249200636.53000003,17246386524.79195
208,4115309,MARIOPOLIS,PATO BRANCO,277127322.6,13235921972.154732
209,4107850,FLOR DA SERRA DO SUL,FRANCISCO BELTRAO,198604616.82,8815071598.91149
210,4103222,BOM SUCESSO DO SUL,PATO BRANCO,261202520.3,14698526855.862558
211,4116950,NOVA ESPERANCA DO SUDOESTE,DOIS VIZINHOS,225322758.61999997,12071043052.583635
212,4108205,FORMOSA DO OESTE,TOLEDO,508542548.72999996,20754516648.970074
213,4100707,ALTO PIQUIRI,UMUARAMA,261311138.63,6561831493.782898
214,4107207,DOIS VIZINHOS,DOIS VIZINHOS,1343687723.46,35606904319.340775
215,4123956,SANTA MONICA,PARANAVAI,127275597.28999999,5564833777.931009
216,4125209,SAO JORGE DO OESTE,DOIS VIZINHOS,471763853.35,13856642096.762955
217,4101655,ARAPUA,IVAIPORA,145339362.37,7504332619.117743
218,4115200,MARINGA,MARINGA,289431354.55,6737539304.961252
219,4104501,CAPANEMA,FRANCISCO BELTRAO,524254136.18,13993493575.553072
220,4121901,RIBEIRAO DO PINHAL,CORNELIO PROCOPIO,178363405.52,5364756073.693347
221,4108551,GODOY MOREIRA,IVAIPORA,64961773.43,5610878389.992909
222,4108809,GUAIRA,TOLEDO,394852844.24,7813325572.752458
223,4110904,ITAGUAJE,MARINGA,117623866.36,6889576178.809834
224,4112751,JESUITAS,TOLEDO,493596352.77,22231964080.637432
225,4108320,FRANCISCO ALVES,UMUARAMA,293586877.48,10334942088.355175
226,4109104,GUAPOREMA,CIANORTE,129978190.60000001,7339298377.860565
227,4126009,SAO SEBASTIAO DA AMOREIRA,CORNELIO PROCOPIO,203755878.74,10198472359.63667
228,4117008,NOVA FATIMA,CORNELIO PROCOPIO,217209475.85,8680475128.689747
229,4116604,NOVA AMERICA DA COLINA,CORNELIO PROCOPIO,65452018.57,5735902273.596888
230,4128302,UNIFLOR,MARINGA,99715672.91,11916122322.585028
231,4102752,BELA VISTA DA CAROBA,FRANCISCO BELTRAO,105850975.60000001,7932508954.486033
232,4110656,IRACEMA DO OESTE,TOLEDO,114190388.53,15661161181.06293
233,4118006,PARAISO DO NORTE,PARANAVAI,89277821.33,4955111561.141406
234,4109203,GUARACI,LONDRINA,317878529.94,17022641751.676794
235,4105102,CENTENARIO DO SUL,LONDRINA,217839246.3,6687519791.339034
236,4126702,TAMBOARA,PARANAVAI,105064890.46,6168065867.381809
237,4105706,CLEVELANDIA,PATO BRANCO,429760676.45,6771077659.1187525
238,4109658,HONORIO SERPA,PATO BRANCO,269637548.51,5937528395.291968
239,4114005,MAMBORE,CAMPO MOURAO,631973976.02,9014506077.209963
240,4107553,FAROL,CAMPO MOURAO,227213975.24,8838507773.696552
241,4102604,BARRACAO,FRANCISCO BELTRAO,136569363.35,9166291052.475296
242,4103156,BOM JESUS DO SUL,FRANCISCO BELTRAO,136872705.94,8568104559.708067
243,4118501,PATO BRANCO,PATO BRANCO,727236811.22,14979177478.207693
244,4108403,FRANCISCO BELTRAO,FRANCISCO BELTRAO,927502915.12,14030619236.630835
245,4101002,AMPERE,FRANCISCO BELTRAO,335709339.39,12497577795.406631
246,4107405,ENEAS MARQUES,FRANCISCO BELTRAO,432770565.25,24721156619.87978
247,4124400,SANTO ANTONIO DO SUDOESTE,FRANCISCO BELTRAO,574115420.57,19538395817.86592
248,4106456,CORONEL DOMINGOS SOARES,PATO BRANCO,189914310.82,1353732583.9345148
249,4119301,PINHAO,GUARAPUAVA,660633787.96,3663497300.7368703
250,4122800,SALGADO FILHO,FRANCISCO BELTRAO,221020748.99,13049774020.658676
251,4119251,PINHAL DE SAO BENTO,FRANCISCO BELTRAO,81286526.81,9187395168.966604
252,4106506,CORONEL VIVIDA,PATO BRANCO,558036565.68,9075778990.920372
253,4114401,MANGUEIRINHA,PATO BRANCO,568724718.22,5955961582.135392
254,4100301,AGUDOS DO SUL,CURITIBA,111796594.86,6462216127.037908
255,4114302,MANDIRITUBA,CURITIBA,193015165.59,5658097796.023813
256,4122305,RIO NEGRO,CURITIBA,319038150.52,5847154374.247695
257,4104105,CAMPO DO TENENTE,CURITIBA,142285655.97,5181587118.420988
258,4119103,PIEN,CURITIBA,175411212.1,7584391228.907908
259,4121208,QUITANDINHA,CURITIBA,251902798.14,6258883910.1821995
260,4104303,CAMPO MOURAO,CAMPO MOURAO,599305364.23,9039384772.384085
261,4106571,CRUZEIRO DO IGUACU,DOIS VIZINHOS,306488440.06,21300631831.311283
262,4127858,TRES BARRAS DO PARANA,CASCAVEL,537566073.3,11752529195.4298
263,4117255,NOVA PRATA DO IGUACU,DOIS VIZINHOS,424426386.47,13536714494.79643
264,4104600,CAPITAO LEONIDAS MARQUES,CASCAVEL,315915964.53,12660707825.172987
265,4103057,BOA VISTA DA APARECIDA,CASCAVEL,195967607.26,8234658585.198317
266,4113734,LUIZIANA,CAMPO MOURAO,504171395.91999996,6183700481.684344
267,4120150,PORTO BARREIRO,LARANJEIRAS DO SUL,189074458.4,5745957942.445416
268,4104428,CANDOI,GUARAPUAVA,691670308.84,5101852111.453597
269,4109708,IBAITI,JACAREZINHO,452503889.11,5682479016.6912365
270,4106001,CONGONHINHAS,CORNELIO PROCOPIO,317242878.42,6692670584.645274
271,4116901,NOVA ESPERANCA,MARINGA,410003908.77,11505957668.818224
272,4120333,PRADO FERREIRA,LONDRINA,104710527.83999999,7773797833.256027
273,4106407,CORNELIO PROCOPIO,CORNELIO PROCOPIO,332906940.69,5936031554.347185
274,4100608,ALTO PARANA,PARANAVAI,315473187.2,8778643652.11256
275,4113403,LEOPOLIS,CORNELIO PROCOPIO,224042494.85,7378308600.82313
276,4123907,SANTA MARIANA,CORNELIO PROCOPIO,269523203.71000004,7188558393.38078
277,4102802,BELA VISTA DO PARAISO,LONDRINA,177910846.33,8227992502.331699
278,4111001,ITAMBARACA,CORNELIO PROCOPIO,138392134.85,7576635710.2933
279,4119707,PLANALTINA DO PARANA,PARANAVAI,143074650.70000002,4551323123.662659
280,4113502,LOANDA,PARANAVAI,288114254.52,4532384532.339079
281,4123709,SANTA ISABEL DO IVAI,PARANAVAI,208919911.45000002,6799068858.910239
282,4124905,SAO JOAO DO CAIUA,PARANAVAI,120455343.27,4483667544.610509
283,4108007,FLORESTOPOLIS,LONDRINA,123093667.06,5666393917.128161
284,4116000,MIRASELVA,LONDRINA,60718263.800000004,7662167562.66679
285,4120002,PORECATU,LONDRINA,115050843.47999999,4491844428.915895
286,4127304,TERRA RICA,PARANAVAI,232579222.33,3788016030.6413846
287,4124707,SAO JERONIMO DA SERRA,CORNELIO PROCOPIO,270124420.93,3698588412.3946967
288,4123204,SANTA CECILIA DO PAVAO,CORNELIO PROCOPIO,59659202.28,6350701634.551854
289,4100103,ABATIA,CORNELIO PROCOPIO,151440310.01999998,7525845609.299252
290,4102406,BANDEIRANTES,CORNELIO PROCOPIO,276310021.13,7024612033.143898
291,4116406,NOSSA SENHORA DAS GRACAS,MARINGA,112778671.45,6879266924.671356
292,4105904,COLORADO,MARINGA,224445932.92,6242019001.384509
293,4126603,SIQUEIRA CAMPOS,JACAREZINHO,382819895.68,15533352616.727045
294,4128500,WENCESLAU BRAZ,JACAREZINHO,267842073.94,7626819872.186289
295,4121752,RESERVA DO IGUACU,GUARAPUAVA,242964793.01,3239999793.054882
296,4127601,TIJUCAS DO SUL,CURITIBA,155599663.13,2572433175.7683954
297,4107504,ENGENHEIRO BELTRAO,CAMPO MOURAO,393351945.97,9444809780.983335
298,4107603,FAXINAL,IVAIPORA,229513783.07,3614608825.4392037
299,4114906,MARILANDIA DO SUL,APUCARANA,444787097.37,13049059510.263788
300,4103602,CAMBARA,JACAREZINHO,269660249.51,8241873000.888022
301,4122172,RIO BRANCO DO IVAI,IVAIPORA,95374275.0,2808689322.938364
302,4100400,ALMIRANTE TAMANDARE,CURITIBA,78208580.69,4497873769.850291
303,4104253,CAMPO MAGRO,CURITIBA,143193925.92,5818216386.9546585
304,4118600,PAULA FREITAS,UNIAO DA VITORIA,249873560.99,6503327184.176694
305,4118709,PAULO FRONTIN,UNIAO DA VITORIA,251810982.17999998,7541107537.21456
306,4111258,ITAPERUCU,CURITIBA,79400022.26,2747431354.6851854
307,4110953,ITAIPULANDIA,CASCAVEL,526331362.96000004,17876808624.067894
308,4115804,MEDIANEIRA,CASCAVEL,698093919.09,23718724937.87495
309,4112504,JARDIM ALEGRE,IVAIPORA,216749126.16,5868646283.318296
310,4108700,GRANDES RIOS,IVAIPORA,117773573.53,4294950762.3694143
311,4101309,ANTONIO OLINTO,UNIAO DA VITORIA,225303646.55,5357070806.104364
312,4118808,PEABIRU,CAMPO MOURAO,306327140.17,7366319673.327923
313,4121109,QUINTA DO SOL,CAMPO MOURAO,273575161.42,9473225972.54245
314,4121703,RESERVA,PONTA GROSSA,449577470.86,3067352984.671961
315,4117305,ORTIGUEIRA,PONTA GROSSA,536207508.83000004,2482113586.6069818
316,4128708,VITORINO,PATO BRANCO,336834628.58000004,12125716878.79162
317,4104006,CAMPINA GRANDE DO SUL,CURITIBA,57308105.78,1180334960.781526
318,4125100,SAO JOAO DO TRIUNFO,PONTA GROSSA,296181666.42,4582106532.211108
319,4117701,PALMEIRA,PONTA GROSSA,907629508.36,6868645100.865813
320,4101101,ANDIRA,CORNELIO PROCOPIO,168347224.19,8177093851.913529
321,4124509,SANTO INACIO,MARINGA,150500212.78,6098397526.2879305
322,4116059,MISSAL,CASCAVEL,680125100.87,23471508003.066574
323,4107157,DIAMANTE DOESTE,CASCAVEL,172796776.19,6275340766.556257
324,4110409,INDIANOPOLIS,CIANORTE,183627202.85999998,16771181551.349638
325,4125555,SAO MANOEL DO PARANA,CIANORTE,191097065.1,22918966152.66639
326,4109906,ICARAIMA,UMUARAMA,291645657.85,4754887331.721123
327,4100509,ALTONIA,UMUARAMA,320809157.45,4967724637.221755
328,4107538,ENTRE RIOS DO OESTE,TOLEDO,352603092.42,32898111404.583202
329,4125704,SAO MIGUEL DO IGUACU,CASCAVEL,1166257337.41,15250154083.825064
330,4110300,INAJA,PARANAVAI,42479675.23,2493036294.178762
331,4122156,RIO BONITO DO IGUACU,LARANJEIRAS DO SUL,394689565.53000003,6397944419.448168
332,4106209,CONTENDA,CURITIBA,266894903.56,10030952345.070791
333,4102307,BALSA NOVA,CURITIBA,185059734.13,5928162874.378578
334,4126652,SULINA,PATO BRANCO,228483713.37,14544940914.019154
335,4107256,DOURADINA,UMUARAMA,182074664.24,4896075514.075952
336,4111555,IVATE,UMUARAMA,116413968.57000001,3203755328.175618
337,4128633,DOUTOR ULYSSES,CURITIBA,228033576.2,3275564301.1188354
338,4103024,BOA ESPERANCA DO IGUACU,DOIS VIZINHOS,192095434.31,14153471174.40835
339,4103107,BOCAIUVA DO SUL,CURITIBA,87407456.88,1202308154.0142105
340,4122206,RIO BRANCO DO SUL,CURITIBA,114451686.51,1560404084.358564
341,4107652,FAZENDA RIO GRANDE,CURITIBA,53775458.61,5121493276.772806
342,4125506,SAO JOSE DOS PINHAIS,CURITIBA,589200269.8100001,6927532638.111494
343,4121505,REBOUCAS,IRATI,316634802.75,7317542329.930223
344,4110706,IRATI,IRATI,628162461.7,6996810265.795749
345,4109401,GUARAPUAVA,GUARAPUAVA,1605989371.1399999,5660085176.209837
346,4103453,CAFELANDIA,CASCAVEL,827357066.6,33721410991.960854
347,4116703,NOVA AURORA,CASCAVEL,1084118357.61,25894684120.64036
348,4119152,PINHAIS,CURITIBA,2102237.11,385092090.77943414
349,4120101,PORTO AMAZONAS,PONTA GROSSA,84496456.38,5037696221.984177
350,4120903,QUEDAS DO IGUACU,LARANJEIRAS DO SUL,410470938.73,5556555535.526471
351,4119509,PIRAQUARA,CURITIBA,19450945.05,963986089.9692777
352,4109500,GUARAQUECABA,PARANAGUA,50493079.65,245037434.81864557
353,4113304,LARANJEIRAS DO SUL,LARANJEIRAS DO SUL,403283303.91,6720513276.458333
354,4126355,SERRANOPOLIS DO IGUACU,CASCAVEL,506212942.11,11659616267.753885
355,4115606,MATELANDIA,CASCAVEL,630778764.14,10998538571.231586
356,4105300,CEU AZUL,CASCAVEL,512352211.72,4859806635.026608
357,4116208,MORRETES,PARANAGUA,60892109.21,984917594.1365632
358,4117214,NOVA SANTA BARBARA,CORNELIO PROCOPIO,70235586.08,9898557875.993967
359,4127403,TERRA ROXA,TOLEDO,718129786.01,10091158053.908686
360,4110607,IPORA,UMUARAMA,411155076.65999997,7077035474.934615
361,4113429,LIDIANOPOLIS,IVAIPORA,105364447.36999999,7765357181.757365
362,4101606,ARAPOTI,PONTA GROSSA,852345690.39,7034686411.282382
363,4123600,SANTA INES,MARINGA,61636682.35,4486817203.936209
364,4106605,CRUZEIRO DO OESTE,UMUARAMA,271392245.83,3951509600.352196
365,4103479,CAFEZAL DO SUL,UMUARAMA,185692687.04999998,6316765828.548291
366,4118907,PEROLA,UMUARAMA,127078536.07000001,6109181918.6261215
367,4102109,ASTORGA,MARINGA,632477035.63,16433429978.441694
368,4127205,TERRA BOA,CAMPO MOURAO,416803408.0,14518438414.398888
369,4128625,ALTO PARAISO,UMUARAMA,276700104.61,2994349332.4566793
370,4126678,TAMARANA,LONDRINA,280444359.38,6686363413.386046
371,4113700,LONDRINA,LONDRINA,893372651.48,6124738828.898598
372,4114807,MARIALVA,MARINGA,429320846.79,10220158533.302767
373,4101408,APUCARANA,APUCARANA,485141442.23,9846760796.198341
374,4113007,JUSSARA,CIANORTE,226275075.53,12304813764.29366
375,4125308,SAO JORGE DO IVAI,MARINGA,433599734.59,15546692054.888237
376,4120705,QUATIGUA,JACAREZINHO,146262701.24,14661170225.921505
377,4120200,PORTO RICO,PARANAVAI,92159579.14,4626691788.778809
378,4112603,JARDIM OLINDA,PARANAVAI,70792660.43,6250616077.011659
379,4112900,JUNDIAI DO SUL,JACAREZINHO,131545247.58999999,4647033163.5578375
380,4114708,MARIA HELENA,UMUARAMA,195244156.23,4525876396.83846
381,4103503,CALIFORNIA,APUCARANA,140504224.72,11211574493.14467
382,4112207,JANIOPOLIS,CAMPO MOURAO,235588025.25,7827454593.239287
383,4112108,JANDAIA DO SUL,APUCARANA,223286407.03,13349963904.466318
384,4103800,CAMBIRA,APUCARANA,188247508.88,13023795280.304665
385,4106100,CONSELHEIRO MAIRINCK,JACAREZINHO,164424254.42,9088501286.144085
386,4115754,MAUA DA SERRA,APUCARANA,76959700.47,8093128791.404792
387,4117909,PALOTINA,TOLEDO,1325190434.75,22838060618.04068
388,4109005,GUAPIRAMA,JACAREZINHO,270856810.59,16267078347.759117
389,4118451,PATO BRAGADO,TOLEDO,344330570.26,28259536624.6122
390,4115853,MERCEDES,TOLEDO,300769420.38,17094119388.80914
391,4125357,SAO JORGE DO PATROCINIO,UMUARAMA,135735402.23,3745731456.8828683
392,4124608,SAO CARLOS DO IVAI,PARANAVAI,129245028.03,6504061792.976318
393,4107801,FLORAI,MARINGA,197540951.49,11787830189.598696
394,4103404,CAFEARA,LONDRINA,125215512.48,7699026278.323337
395,4113809,LUPIONOPOLIS,LONDRINA,89542207.27,8376513072.495057
396,4121307,RANCHO ALEGRE,CORNELIO PROCOPIO,115470784.31,7798502375.269792
397,4126405,SERTANEJA,CORNELIO PROCOPIO,279203403.84000003,7061025824.996028
398,4109807,IBIPORA,LONDRINA,210096771.12,7977665203.763039
